{
  "accuracy": 0.9290354822588706,
  "macro_precision": 0.9295376121463078,
  "macro_recall": 0.9290269730269731,
  "macro_f1": 0.9290137644474734,
  "weighted_f1": 0.9290143849563705,
  "auroc": 0.9704935064935065
}