run,accuracy,macro_precision,macro_recall,macro_f1,weighted_f1,auroc,decision_threshold
entropy/val,0.9290354822588706,0.9295376121463078,0.9290269730269731,0.9290137644474734,0.9290143849563705,0.9704935064935065,
lexical_svm/val,0.9430284857571214,0.9435472739820565,0.9430199800199801,0.9430110503310702,0.9430115484861002,0.9723176823176822,
rag/compare/val,0.7511244377811095,0.7511243756243756,0.7511243756243756,0.7511243756243756,0.7511244377811095,0.7910469530469529,0.6864004105989201
